codigo,nome,descricao,preco,estoque,categoria,ativo,destaque
"NOV01","Two Cheese","Irresistível do começo ao fim! Pão brioche macio e levemente amanteigado, recheado com 2 hambúrgueres suculentos de 80g preparados na chapa e finalizados com muito molho cheddar cremoso e caprichado. São 160g de carne + cheddar de sobra em cada mordida!",34.99,,"Novidades Hits","sim","sim"
"NOV02","Two Bacon Cheese","Uma combinação de respeito! Pão brioche macio e douradinho, recheado com 2 hambúrgueres suculentos de 80g, bacon defumado bem crocante e uma camada generosa de molho cheddar super cremoso. São 160g de carne, muito bacon e cheddar caprichado em cada mordida!",34.99,,"Novidades Hits","sim","sim"
"NOV03","Larica Two","Pra matar a larica de verdade! Pão brioche macio e douradinho, 2 hambúrgueres suculentos de 80g, muito molho cheddar cremoso, cream cheese e bacon defumado crocante. São 160g de carne em uma combinação cremosa, intensa e carregada de sabor!",36.99,,"Novidades Hits","sim","sim"
"NOV04","Fritas Cheddar Bacon - Pequena","Batatas fritas douradinhas e crocantes, cobertas com uma generosa camada de molho cheddar super cremoso e finalizadas com bacon defumado crocante. Pequena no tamanho, mas gigante no sabor!",12,,"Novidades Hits","sim","sim"
"PRO01","2 Burguers: Single Bacon + Salad Cheese","",26.99,,"Promo Burguer Hits","sim","nao"
"PRO02","Two Melt + Fritas + Coca-Cola Lata Grátis","O irresistível Two Melt com dois hambúrgueres suculentos, queijo derretido, cebola caramelizada e molho especial, acompanhado de fritas crocantes e uma Coca-Cola lata grátis. A combinação perfeita para matar a fome com muito sabor!",34.99,,"Promo Burguer Hits","sim","nao"
"PRO03","3 Burguers por R$ 39,99","A promoção perfeita para matar a fome! Três burgers suculentos, preparados na chapa com pão macio, carne saborosa e muito queijo derretido. Aproveite essa oferta irresistível por apenas R$ 39,99 enquanto durar!",39.99,,"Promo Burguer Hits","sim","nao"
"PRO04","Combo eLucre Burgers - 3 Burguers + Fritas + Suco Natural","Um combo daqueles de respeito! São 3 burguers irresistíveis: Single Bacon + Salad Cheese + Two Melt, preparados com pão brioche macio, carnes suculentas e muito sabor. Para completar, acompanha fritas douradas e crocantes grátis + suco natural refrescante. É burguer, acompanhamento e bebida em uma promoção caprichada para matar a fome de verdade!",64.99,,"Promo Burguer Hits","sim","nao"
"CMB01","Single Bacon + Bebida Grátis","Um lanche simples no nome, mas gigante no sabor! Pão macio e levemente tostado, hambúrguer suculento, queijo derretido e bacon crocante que traz aquele toque defumado irresistível. E o melhor: no combo você ganha uma deliciosa sobremesa e uma Coca-Cola bem gelada para completar a experiência!",26.99,,"Combo + Bebida Grátis","sim","nao"
"CMB02","Smash Burger + Bebida Grátis","Delicioso smash burger preparado com carne suculenta de 80g, prensada na chapa para garantir aquela crostinha irresistível. Coberto com queijo cheddar derretido, cebola grelhada no ponto certo e finalizado com nosso cremoso molho rosé especial.",20,,"Combo + Bebida Grátis","sim","nao"
"CMB03","eLucre Burgers + Bebida Grátis","A combinação perfeita para o seu eLucre Burgers: Duplo Bacon com 2 hambúrgueres suculentos de 100g, cobertos com bacon crocante e queijo cheddar derretido. Acompanha porção de batata frita dourada e crocante, ideal para completar essa explosão de sabor intensa e irresistível.",26.99,,"Combo + Bebida Grátis","sim","nao"
"CMB04","Two Melt + Fritas Grátis","",26.99,,"Combo + Bebida Grátis","sim","nao"
"CMB05","Big Talks + Fritas Grátis","O Big Talks é preparado com hambúrguer alto e suculento, carne macia e cheia de sabor, queijo derretido cremoso e pão levemente tostado que realça cada detalhe do lanche. Uma combinação perfeita que entrega intensidade, textura e muita suculência em cada mordida. O combo acompanha fritas douradas e crocantes, servidas quentinhas para completar essa experiência irresistível.",29.99,,"Combo + Bebida Grátis","sim","nao"
"CHK01","Baby Chicken","Pão brioche macio e dourado, levemente amanteigado, envolvendo um frango empanado de 100g absurdamente crocante, suculento e cheio de personalidade. Camadas de alface orgânico trazem frescor no ponto certo, enquanto a maionese de alho cremosa escorre na medida exata, provocando cada mordida. Um lanche intenso, envolvente e impossível de esquecer.",19.99,,"Chicken's","sim","nao"
"CHK02","Melt Chicken","Pão brioche macio e dourado, envolvendo um frango suculento coberto por cheddar derretido, cremoso e intenso. O molho rosé entra equilibrando com suavidade, enquanto o tomate fresco, a cebola roxa e a alface trazem frescor e crocância na medida certa. Um lanche quente, cremoso e irresistível.",24.99,,"Chicken's","sim","nao"
"QRD01","Big Talks","Um verdadeiro gigante do sabor! Preparado com 2 hambúrgueres suculentos de 100g, grelhados no ponto certo, camadas generosas de bacon defumado e crocante, queijo derretido e um ovo com gema macia que deixa tudo ainda mais irresistível. Tudo isso servido no macio e levemente tostado pão brioche, garantindo uma explosão de sabor a cada mordida!",30,,"Os Queridinhos - Holiday","sim","nao"
"QRD02","Bro","O lanche que chega forte no sabor! Preparado com 1 hambúrguer suculento de 100g, grelhado no ponto certo, coberto com bacon defumado crocante, ovo com gema macia e uma camada generosa de cebola crispy que traz aquela crocância irresistível. Uma combinação intensa, saborosa e perfeita para quem curte um hambúrguer marcante a cada mordida!",32,,"Os Queridinhos - Holiday","sim","nao"
"QRD03","Two Melt","Pão brioche macio e dourado, envolvendo dois hambúrgueres de 100g extremamente suculentos, cobertos com duas fatias de cheddar derretendo no ponto perfeito. A cebola caramelizada traz doçura e profundidade, enquanto o barbecue BBQ finaliza com um toque defumado e marcante. Um lanche robusto, cremoso e irresistível.",36,,"Os Queridinhos - Holiday","sim","nao"
"QRD04","Salada Cheese","Pão brioche com gergelim, macio e levemente dourado, envolvendo um hambúrguer artesanal de 100g, coberto por duas fatias de cheddar derretendo lentamente. Alface fresca, tomate, cebola roxa e picles trazem equilíbrio e crocância, enquanto a maionese verde da casa finaliza com cremosidade e sabor marcante.",24.99,,"Os Queridinhos - Holiday","sim","nao"
"DLX01","Big Onion Rings","Um lanche pra quem gosta de exagero bem feito. Dois hambúrgueres artesanais de 100g, suculentos e no ponto certo, cobertos com três fatias generosas de mussarela derretida. Bacon defumado entrega aquele sabor intenso e marcante, enquanto três onion rings crocantes entram pra fechar com textura e personalidade.",32,,"Holiday - Deluxe","sim","nao"
"DLX02","Triple Sauce","Uma explosão de sabor em camadas: 3 hambúrgueres suculentos grelhados no ponto certo, envolvidos por 6 fatias generosas de cheddar derretendo lentamente. Finalizado com cebola caramelizada, adocicada e intensa, e o toque final do molho especial da casa, cremoso e viciante.",32,,"Holiday - Deluxe","sim","nao"
"DLX03","My Big Egg","Um lanche intenso e sem limites. Pão brioche macio abraçando 1 hambúrguer artesanal de 100g, suculento no ponto certo, coberto por 4 ovos fritos com a gema levemente cremosa e uma generosa camada de cream cheese derretendo.",39,,"Holiday - Deluxe","sim","nao"
"DLX04","Honey Pine Burger","Hambúrguer artesanal de 100g, suculento e grelhado no ponto certo, acompanhado de fatias crocantes de bacon, 2 rodelas generosas de abacaxi grelhado e finalizado com muito mel, criando o equilíbrio perfeito entre o doce e o defumado. Uma explosão de sabor tropical em cada mordida.",30,,"Holiday - Deluxe","sim","nao"
"BEB01","Coca-Cola 350ml","",6,,"Bebidas","sim","nao"
"BEB02","Guaraná Antarctica 350ml","",6,,"Bebidas","sim","nao"
"BEB03","Coca-Cola 600ml","",10,,"Bebidas","sim","nao"
"BEB04","Suco Natural - Maracujá","",5,,"Bebidas","sim","nao"
